CREATE USER IF NOT EXISTS RODY SALT 'e728bb50654e6834' HASH 'e14f4c62f1dfb2d7db9f15d166653d2e3e227d8712920f956816b65623f20688' ADMIN;
CREATE SEQUENCE PUBLIC.SYSTEM_SEQUENCE_E5C24BA0_7661_47BB_B1E4_2F380C289CB6 START WITH 5 BELONGS_TO_TABLE;
CREATE SEQUENCE PUBLIC.SYSTEM_SEQUENCE_5EF9D34A_2187_4726_8D6A_D71BE03B161B START WITH 7 BELONGS_TO_TABLE;
CREATE SEQUENCE PUBLIC.SYSTEM_SEQUENCE_7160DC1A_E7BA_4189_95E3_7BC28D2704B2 START WITH 6 BELONGS_TO_TABLE;
CREATE SEQUENCE PUBLIC.SYSTEM_SEQUENCE_8464E894_C2F1_4D38_8B2A_05D4CD3305D4 START WITH 56 BELONGS_TO_TABLE;
CREATE SEQUENCE PUBLIC.SYSTEM_SEQUENCE_A759BBE4_1A46_494E_A389_BCEFDDFC5469 START WITH 2 BELONGS_TO_TABLE;
CREATE SEQUENCE PUBLIC.SYSTEM_SEQUENCE_6756A24E_D57B_460A_BAB5_944314FCBAC4 START WITH 5 BELONGS_TO_TABLE;
CREATE SEQUENCE PUBLIC.SYSTEM_SEQUENCE_9FD4A557_B9D0_4650_AE13_0D7C7512D4D0 START WITH 12 BELONGS_TO_TABLE;
CREATE SEQUENCE PUBLIC.SYSTEM_SEQUENCE_74188E43_4524_4F11_91D7_0A33C542B709 START WITH 50 BELONGS_TO_TABLE;
CREATE CACHED TABLE PUBLIC.ORDERS(
    ID INT DEFAULT (NEXT VALUE FOR PUBLIC.SYSTEM_SEQUENCE_74188E43_4524_4F11_91D7_0A33C542B709) NOT NULL NULL_TO_DEFAULT SEQUENCE PUBLIC.SYSTEM_SEQUENCE_74188E43_4524_4F11_91D7_0A33C542B709,
    USER_ID INT NOT NULL,
    COUNT INT NOT NULL,
    PERIOD_ID INT NOT NULL,
    GOODS_ID INT NOT NULL,
    DELIVERY_DATE DATE,
    ADDITIONAL_INFO VARCHAR(300),
    STATUS_ID INT,
    ORDER_DATE DATE,
    ORDER_COST INT,
    PAID INT
);
ALTER TABLE PUBLIC.ORDERS ADD CONSTRAINT PUBLIC.CONSTRAINT_8 PRIMARY KEY(ID);
-- 40 +/- SELECT COUNT(*) FROM PUBLIC.ORDERS;
INSERT INTO PUBLIC.ORDERS(ID, USER_ID, COUNT, PERIOD_ID, GOODS_ID, DELIVERY_DATE, ADDITIONAL_INFO, STATUS_ID, ORDER_DATE, ORDER_COST, PAID) VALUES
(8, 20, 2, 4, 1, DATE '2014-01-31', '                        ', 1, DATE '2014-08-29', 1000, 0),
(12, 20, 2, 2, 1, DATE '2014-09-10', '                        ', 4, DATE '2014-09-04', 1000, 0),
(3, 20, 2, 4, 1, DATE '2014-08-29', 'There are even more additional information', 3, DATE '2014-08-27', 1000, 0),
(23, 20, 10, 2, 1, DATE '2014-09-10', '                        ', 4, DATE '2014-09-04', 5000, 0),
(27, 20, 5, 2, 1, DATE '2014-07-09', '                        ', 1, DATE '2014-09-07', 2500, 0),
(16, 20, 5, 2, 1, DATE '2014-09-10', '                        ', 4, DATE '2014-09-04', 1000, 0),
(7, 20, 20, 3, 2, DATE '2014-01-30', '                        A lot of water !', 1, DATE '2014-08-29', 1000, 0),
(25, 20, 12, 2, 1, DATE '2014-09-10', '                        ', 4, DATE '2014-09-06', 6000, 0),
(9, 20, 5, 2, 2, DATE '2014-01-30', '                        ', 1, DATE '2014-08-29', 1000, 0),
(39, 20, 4, 2, 1, DATE '2015-02-09', '                        ', 4, DATE '2014-09-14', 2000, 0),
(38, 20, 3, 2, 1, DATE '2015-02-09', '                        ', 4, DATE '2014-09-14', 1500, 0),
(40, 20, 2, 2, 1, DATE '2015-02-09', '                        ', 4, DATE '2014-09-14', 1000, 0),
(41, 20, 1, 2, 1, DATE '2015-06-09', '                        ', 4, DATE '2014-09-18', 500, 500),
(42, 4, 1, 2, 1, DATE '2014-09-10', '                        ', 1, DATE '2014-09-19', 500, 0),
(43, 19, 1, 2, 1, DATE '2014-09-10', 'qwerty', 1, DATE '2014-09-19', 500, 0),
(44, 4, 1, 2, 1, DATE '2014-09-10', 'qwerty', 1, DATE '2014-09-19', 500, 0),
(45, 19, 1, 2, 1, DATE '2014-09-10', 'qwerty', 1, DATE '2014-09-19', 500, 0),
(46, 19, 1, 2, 1, DATE '2014-09-10', 'qwerty', 1, DATE '2014-09-19', 500, 0),
(1, 20, 2, 2, 1, DATE '2014-08-27', 'There are additional information', 4, DATE '2014-08-25', 1000, 0),
(4, 20, 20, 3, 2, DATE '2014-01-30', '                        ', 4, DATE '2014-08-29', 1000, 0),
(10, 20, 5, 2, 1, DATE '2014-01-31', '                        ', 4, DATE '2014-08-29', 1000, 0),
(13, 20, 1, 2, 1, DATE '2014-09-10', '                        ', 4, DATE '2014-09-04', 1000, 0),
(6, 20, 20, 3, 2, DATE '2014-01-30', '                        A lot of water !', 4, DATE '2014-08-29', 1000, 0),
(15, 20, 1, 2, 1, DATE '2014-09-10', '                        ', 4, DATE '2014-09-04', 1000, 0),
(18, 20, 10, 2, 1, DATE '2014-09-10', '                       I want a lot of water', 4, DATE '2014-09-04', 1000, 0),
(5, 20, 20, 3, 2, DATE '2014-01-30', '                        A lot of water !', 4, DATE '2014-08-29', 1000, 0),
(11, 20, 2, 2, 1, DATE '2014-09-10', '                        ', 4, DATE '2014-09-04', 1000, 0),
(19, 20, 10, 2, 1, DATE '2014-09-10', '                        ', 4, DATE '2014-09-04', 1000, 0),
(47, 20, 1, 2, 1, DATE '2014-09-20', NULL, 1, DATE '2014-09-20', 500, 500),
(48, 20, 1, 2, 1, DATE '2014-09-10', '                    ', 1, DATE '2014-09-21', 500, 0),
(14, 20, 1, 2, 1, DATE '2014-09-10', '                        ', 4, DATE '2014-09-04', 1000, 0),
(17, 20, 10, 2, 1, DATE '2014-09-10', '                        ', 4, DATE '2014-09-04', 1000, 0),
(22, 20, 10, 2, 1, DATE '2014-09-10', '                        ', 4, DATE '2014-09-04', 5000, 0),
(24, 20, 10, 2, 1, DATE '2014-09-10', '                        ', 4, DATE '2014-09-04', 5000, 0),
(26, 20, 2, 2, 1, DATE '2014-07-09', '                        ', 4, DATE '2014-09-07', 1000, 0),
(2, 20, 2, 3, 1, DATE '2014-08-22', 'There are more additional information', 4, DATE '2014-08-20', 1000, 0),
(49, 20, 10, 2, 1, DATE '2014-09-10', NULL, 4, DATE '2014-09-04', 5000, 0),
(21, 20, 10, 2, 1, DATE '2014-09-10', NULL, 4, DATE '2014-09-04', 5000, 0),
(37, 20, 2, 2, 1, DATE '2015-02-09', '37', 4, DATE '2014-09-14', 1000, 0),
(20, 20, 10, 2, 1, DATE '2014-09-10', STRINGDECODE('qwertyuiop\r\n\r\n                '), 4, DATE '2014-09-04', 1000, 0);
CREATE CACHED TABLE PUBLIC.STATUS(
    ID INT NOT NULL,
    STATUS_NAME VARCHAR(15) NOT NULL
);
ALTER TABLE PUBLIC.STATUS ADD CONSTRAINT PUBLIC.CONSTRAINT_9 PRIMARY KEY(ID);
-- 4 +/- SELECT COUNT(*) FROM PUBLIC.STATUS;
INSERT INTO PUBLIC.STATUS(ID, STATUS_NAME) VALUES
(1, 'waiting'),
(2, 'active'),
(3, 'executed'),
(4, 'canceled');
CREATE CACHED TABLE PUBLIC.ACCOUNT(
    ID INT NOT NULL,
    ACCOUNT_NUMBER VARCHAR(20) NOT NULL,
    BALANCE INT NOT NULL
);
ALTER TABLE PUBLIC.ACCOUNT ADD CONSTRAINT PUBLIC.CONSTRAINT_E4 PRIMARY KEY(ID);
-- 0 +/- SELECT COUNT(*) FROM PUBLIC.ACCOUNT;
CREATE CACHED TABLE PUBLIC.POSITIONS(
    ID INTEGER DEFAULT (NEXT VALUE FOR PUBLIC.SYSTEM_SEQUENCE_9FD4A557_B9D0_4650_AE13_0D7C7512D4D0) NOT NULL NULL_TO_DEFAULT SEQUENCE PUBLIC.SYSTEM_SEQUENCE_9FD4A557_B9D0_4650_AE13_0D7C7512D4D0,
    POSITION_NAME VARCHAR(20)
);
ALTER TABLE PUBLIC.POSITIONS ADD CONSTRAINT PUBLIC.CONSTRAINT_2 PRIMARY KEY(ID);
-- 11 +/- SELECT COUNT(*) FROM PUBLIC.POSITIONS;
INSERT INTO PUBLIC.POSITIONS(ID, POSITION_NAME) VALUES
(1, 'Director'),
(2, 'Jurist'),
(3, 'Book-keeper'),
(4, 'Dispatcher'),
(5, 'Haed of delivery'),
(6, 'Forvarder'),
(7, 'Driver'),
(8, 'Cook'),
(9, 'Cleaner'),
(11, 'Client'),
(10, 'Admin');
CREATE CACHED TABLE PUBLIC.CONTACTS(
    ID INTEGER DEFAULT (NEXT VALUE FOR PUBLIC.SYSTEM_SEQUENCE_A759BBE4_1A46_494E_A389_BCEFDDFC5469) NOT NULL NULL_TO_DEFAULT SEQUENCE PUBLIC.SYSTEM_SEQUENCE_A759BBE4_1A46_494E_A389_BCEFDDFC5469,
    TELEPHONE NVARCHAR(15) NOT NULL,
    OWNER NVARCHAR(20) NOT NULL
);
ALTER TABLE PUBLIC.CONTACTS ADD CONSTRAINT PUBLIC.CONSTRAINT_C PRIMARY KEY(ID);
-- 1 +/- SELECT COUNT(*) FROM PUBLIC.CONTACTS;
INSERT INTO PUBLIC.CONTACTS(ID, TELEPHONE, OWNER) VALUES
(1, '+77003996925', 'Rodion Starodubenko');
CREATE CACHED TABLE PUBLIC.PERIOD(
    ID INTEGER DEFAULT (NEXT VALUE FOR PUBLIC.SYSTEM_SEQUENCE_E5C24BA0_7661_47BB_B1E4_2F380C289CB6) NOT NULL NULL_TO_DEFAULT SEQUENCE PUBLIC.SYSTEM_SEQUENCE_E5C24BA0_7661_47BB_B1E4_2F380C289CB6,
    PERIOD TIME NOT NULL
);
ALTER TABLE PUBLIC.PERIOD ADD CONSTRAINT PUBLIC.CONSTRAINT_8C PRIMARY KEY(ID);
-- 3 +/- SELECT COUNT(*) FROM PUBLIC.PERIOD;
INSERT INTO PUBLIC.PERIOD(ID, PERIOD) VALUES
(2, TIME '14:00:00'),
(3, TIME '18:00:00'),
(4, TIME '22:00:00');
CREATE CACHED TABLE PUBLIC.GOODS(
    ID INTEGER DEFAULT (NEXT VALUE FOR PUBLIC.SYSTEM_SEQUENCE_7160DC1A_E7BA_4189_95E3_7BC28D2704B2) NOT NULL NULL_TO_DEFAULT SEQUENCE PUBLIC.SYSTEM_SEQUENCE_7160DC1A_E7BA_4189_95E3_7BC28D2704B2,
    GOODS_NAME VARCHAR(30),
    PRICE INTEGER NOT NULL
);
ALTER TABLE PUBLIC.GOODS ADD CONSTRAINT PUBLIC.CONSTRAINT_40 PRIMARY KEY(ID);
-- 5 +/- SELECT COUNT(*) FROM PUBLIC.GOODS;
INSERT INTO PUBLIC.GOODS(ID, GOODS_NAME, PRICE) VALUES
(1, 'Water 20L', 500),
(2, 'Water 5L', 150),
(4, 'EX-10TA', 5000),
(3, 'Almacom WD-CFO-1', 10000),
(5, 'HotFrost 35 AN', 15000);
CREATE CACHED TABLE PUBLIC.PAY_CARD(
    ID INTEGER DEFAULT (NEXT VALUE FOR PUBLIC.SYSTEM_SEQUENCE_5EF9D34A_2187_4726_8D6A_D71BE03B161B) NOT NULL NULL_TO_DEFAULT SEQUENCE PUBLIC.SYSTEM_SEQUENCE_5EF9D34A_2187_4726_8D6A_D71BE03B161B,
    SERIAL_NUMBER VARCHAR(10) NOT NULL,
    SECRET_NUMBER VARCHAR(13) NOT NULL,
    BALANCE INTEGER NOT NULL,
    ID_STATUS_PAY_CARD INTEGER NOT NULL
);
ALTER TABLE PUBLIC.PAY_CARD ADD CONSTRAINT PUBLIC.CONSTRAINT_820 PRIMARY KEY(ID);
-- 4 +/- SELECT COUNT(*) FROM PUBLIC.PAY_CARD;
INSERT INTO PUBLIC.PAY_CARD(ID, SERIAL_NUMBER, SECRET_NUMBER, BALANCE, ID_STATUS_PAY_CARD) VALUES
(6, '0000000004', '1234567894851', 5000, 1),
(4, '0000000003', '1234567895692', 2000, 1),
(3, '0000000002', '1234567897894', 1000, 1),
(2, '0000000001', '1234567891234', 500, 2);
CREATE CACHED TABLE PUBLIC.USERS(
    ID INT DEFAULT (NEXT VALUE FOR PUBLIC.SYSTEM_SEQUENCE_8464E894_C2F1_4D38_8B2A_05D4CD3305D4) NOT NULL NULL_TO_DEFAULT SEQUENCE PUBLIC.SYSTEM_SEQUENCE_8464E894_C2F1_4D38_8B2A_05D4CD3305D4,
    LOGIN VARCHAR(20) NOT NULL,
    PASSWORD VARCHAR(20) NOT NULL,
    FIRSTNAME VARCHAR(15) NOT NULL,
    LASTNAME VARCHAR(15) NOT NULL,
    MIDDLENAME VARCHAR(15) NOT NULL,
    ADDRESS VARCHAR(20) NOT NULL,
    TELEPHONE VARCHAR(15),
    MOBILEPHONE VARCHAR(15),
    IDENTITYCARD VARCHAR(15),
    WORKBOOK VARCHAR(15),
    RNN VARCHAR(15),
    SIK VARCHAR(20),
    POSITION_ID VARCHAR(20),
    VIRTUAL_BALANCE INT
);
ALTER TABLE PUBLIC.USERS ADD CONSTRAINT PUBLIC.CONSTRAINT_4 PRIMARY KEY(ID);
-- 14 +/- SELECT COUNT(*) FROM PUBLIC.USERS;
INSERT INTO PUBLIC.USERS(ID, LOGIN, PASSWORD, FIRSTNAME, LASTNAME, MIDDLENAME, ADDRESS, TELEPHONE, MOBILEPHONE, IDENTITYCARD, WORKBOOK, RNN, SIK, POSITION_ID, VIRTUAL_BALANCE) VALUES
(4, 'Svetlana', 'Svet', 'Svetlana', 'Gobova', 'Ivanovna', 'Volochavskaya 33', '87213345657', '87013456534', '231987465', '185967133', '998442412', 'ldfgbhgtj2f', '2', 100),
(15, 'Vladislav', 'Vlad', 'Vladislav', 'Silaev', 'Ivanovich', 'Krivaguza 13-54', '87212986595', '87079874563', '125486521', '456895652', '487545562', 'pixdfgh342k', '7', 200),
(10, 'Andrey', 'Andr', 'Andrey', 'Efimoff', 'Victorovich', 'Michuruna 23-4', '87212435678', '87777777777', '147852369', '956325874', '468595484', 'dfo87342fef', '5', 300),
(11, 'Sergey', 'Serg', 'Sergey', 'Derevnev', 'Dmitrievich', '23-14-54', '87212326598', '87003456556', '123654987', '789258951', '693582147', 'fger34r5faf', '6', 400),
(1, 'Ivan', 'IvaIva', 'Ivan', 'Ivanov', 'Ivanovich', 'Orbita 33-23', '87212345465', '87770070707', '123456789', '321654789', '456987123', 'svndfg32174f', '1', 600),
(8, 'Elena', 'EleEle', 'Elena', 'Filova', 'Izmailova', 'Kosmonavtov 1', '87212345456', '87021234345', '159632587', '789654123', '147895623', 'f4543regreg', '4', 700),
(16, 'Makpal', 'Mac', 'Makpal', 'Jikbaeva', 'Ulanovna', '13-13-13', '87212456567', '87001236546', '158745632', '195632958', '785465236', 'rdijgh374nf', '8', 1000),
(18, 'Tatyana', 'TanK', 'Tatyana', 'Kim', 'Vladimirovna', '15-15-15', '87212659865', '87001233214', '159875364', '789562312', '748569632', 'sljbf2y3ugr', '9', 2000),
(6, 'Anastasia', 'NasNas', 'Anastasia', 'Lapina', 'Georgievna', 'Balhashskaya 1', '87212546745', '87057653456', '951753465', '123698547', '157896547', 'fdj74i3qgfd', '3', 3000),
(2, 'Rody', '1', 'Rodion', 'Starodubenko', 'Victorovich', 'Stepnoy', '87003996925', '87003996925', NULL, NULL, NULL, '', '10', 10000),
(36, 'Ivanov99', 'Ivanov9', 'Ivan', 'Ivanov', 'Ivanovich', 'Ivanova-32', '87212965896', '87007778958', NULL, NULL, NULL, NULL, '11', 0),
(38, 'Ivanov98', 'Ivanov9', 'Ivan', 'Ivanov', 'Ivanovich', 'Ivanova-32', '87212965896', '87007778958', NULL, NULL, NULL, NULL, '11', 0),
(19, 'Lina45', '111', 'Lina', 'Killova', 'Victorovna', 'Gapeeva 1-1', '87212345678', '87003456567', NULL, NULL, NULL, '', '11', 900),
(20, 'Vano34', '111', 'Ivan', 'Harleev', 'Stanislavovich', 'Riskulova 7-7', '87212345795', '87076549823', NULL, NULL, NULL, NULL, '11', 32500);
CREATE CACHED TABLE PUBLIC.STATUS_CARD(
    ID INTEGER DEFAULT (NEXT VALUE FOR PUBLIC.SYSTEM_SEQUENCE_6756A24E_D57B_460A_BAB5_944314FCBAC4) NOT NULL NULL_TO_DEFAULT SEQUENCE PUBLIC.SYSTEM_SEQUENCE_6756A24E_D57B_460A_BAB5_944314FCBAC4,
    STATUS_NAME VARCHAR(20) NOT NULL
);
ALTER TABLE PUBLIC.STATUS_CARD ADD CONSTRAINT PUBLIC.CONSTRAINT_4C PRIMARY KEY(ID);
-- 2 +/- SELECT COUNT(*) FROM PUBLIC.STATUS_CARD;
INSERT INTO PUBLIC.STATUS_CARD(ID, STATUS_NAME) VALUES
(1, 'not activated'),
(2, 'activated');
ALTER TABLE PUBLIC.USERS ADD CONSTRAINT PUBLIC."unique_LOGIN" UNIQUE(LOGIN);
ALTER TABLE PUBLIC.GOODS ADD CONSTRAINT PUBLIC."unique_ID" UNIQUE(ID);
ALTER TABLE PUBLIC.ACCOUNT ADD CONSTRAINT PUBLIC.UNIQUE_ACCOUNT_NUMBER UNIQUE(ACCOUNT_NUMBER);
ALTER TABLE PUBLIC.ORDERS ADD CONSTRAINT PUBLIC.CONSTRAINT_8B FOREIGN KEY(GOODS_ID) REFERENCES PUBLIC.GOODS(ID) NOCHECK;
ALTER TABLE PUBLIC.ORDERS ADD CONSTRAINT PUBLIC.CONSTRAINT_8B725 FOREIGN KEY(STATUS_ID) REFERENCES PUBLIC.STATUS(ID) NOCHECK;
ALTER TABLE PUBLIC.PAY_CARD ADD CONSTRAINT PUBLIC.CONSTRAINT_820C FOREIGN KEY(ID_STATUS_PAY_CARD) REFERENCES PUBLIC.STATUS_CARD(ID) NOCHECK;
ALTER TABLE PUBLIC.ORDERS ADD CONSTRAINT PUBLIC.CONSTRAINT_8B7 FOREIGN KEY(PERIOD_ID) REFERENCES PUBLIC.PERIOD(ID) NOCHECK;
ALTER TABLE PUBLIC.ORDERS ADD CONSTRAINT PUBLIC.CONSTRAINT_8B72 FOREIGN KEY(USER_ID) REFERENCES PUBLIC.USERS(ID) NOCHECK;